Intent,Web Message,Type,Title,Description,Text,Media,URL,State
Benefits,"At Paradox, we provide a full range of benefits for our employees and their eligible family members. Our comprehensive benefits package includes medical, dental and vision coverage, along with life insurance and disability income benefits.| lien test",,,,,,,
Benefits_Eligibility,"At Paradox, we provide a full range of benefits for our employees and their eligible family members.",,,,,,,
Benefits_Enrollment,Eligibility waiting period for our benefits is the first of the month following date of hire. (Example: If you are hired on January 10 your effective date is February 1),,,,,,,
Benefits_Insurance,,,,,,,,
Benefits_Insurance_AccidentalDeath,,,,,,,,
Benefits_Insurance_Dental,"At Paradox, we provide dental insurance for our employees and their eligible family members through Principal.",,,,,,,
Benefits_Insurance_DependentCare,Thank you for asking about dependent care assistance. We currently don't offer this as part of our benefits package.,,,,,,,
Benefits_Insurance_EAP,"Our employees have access to Care24 Services, which is available 24 hours a day, 7 days a week. Care24 offers a wide range of health and well-being information ranging from medical and family matters to personal legal, financial and emotional needs.",,,,,,,
Benefits_Insurance_FlexibleSpendingAccount,Thank you for asking about flexible spending accounts (FSA). We currently don't offer this as part of our benefits package.,,,,,,,
Benefits_Insurance_HealthcareOnsite,"We don't have a healthcare facility onsite, however, our employees have access to a first aid kit if needed.",,,,,,,
Benefits_Insurance_HealthSavingsAccount,"We offer medical insurance through United Healthcare, which includes a health savings account option.",,,,,,,
Benefits_Insurance_Life,"At Paradox, we provide our full-time employees with group term life insurance through Lincoln Financial for $25,000; the amount for our managers is $50,000.",,,,,,,
Benefits_Insurance_LongTermDisability,"We provide our full-time employees with long-term disability income benefits and pay the full cost of this coverage. In the event you become disabled, our disability income benefits are provided as a source of income.",,,,,,,
Benefits_Insurance_Medical,"At Paradox, we provide medical insurance for our employees and their eligible family members through United Healthcare. We offer a full selection of healthcare programs with prescription drug coverage.",,,,,,,
Benefits_Insurance_OccupationAccident,Thank you for asking about our occupational accident insurance. We currently don't offer this as part of our benefits package.,,,,,,,
Benefits_Insurance_ShortTermDisability,"We provide our full-time employees with short-term disability income benefits. This coverage is voluntary, so each employee would be responsible for paying the monthly premium. In the event you become disabled, our disability income benefits are provided as a source of income.",,,,,,,
Benefits_Insurance_Vision,"At Paradox, we provide vision insurance for our employees and their eligible family members through Humana.",,,,,,,
Benefits_Insurance_Wellness,Thank you for asking about wellness program options. We currently don't offer this as part of our benefits package.,,,,,,,
Benefits_Other,We provide a full range of benefits for our employees and their eligible family members. Our comprehensive benefits package includes insurance and retirement benefits.,,,,,,,
Benefits_Other_Adoption,Thank you for asking about adoption assistance. We currently don't offer this as part of our benefits package.,,,,,,,
Benefits_Other_ChildCare,Thank you for asking about child care assistance. We currently don't offer this as part of our benefits package.,,,,,,,
Benefits_Other_Commuting,Thank you for asking about commuting benefits. We currently don't offer this as part of our benefits package.,,,,,,,
Benefits_Other_CompanyCar,Thank you for asking about company car programs. We currently don't offer this as part of our benefits package.,,,,,,,
Benefits_Other_EmployeeDiscounts,Thank you for asking about employee discounts. We currently don't offer this as part of our benefits package.,,,,,,,
Benefits_Other_IdentityTheft,Thank you for asking about identity theft protection. We currently don't offer this as part of our benefits package.,,,,,,,
Benefits_Other_MobilePhoneDiscount,Thank you for asking about mobile phone discounts. We currently don't offer this as part of our benefits package.,,,,,,,
Benefits_Other_Pet,Thank you for asking about pet insurance coverage. We currently don't offer this as part of our benefits package.,,,,,,,
Benefits_Other_PrePaidLegal,"Our employees have access to Care24 Services, which is available 24 hours a day, 7 days a week. Care24 representatives can offer personal legal advice.",,,,,,,
Benefits_Other_Relocation,Thank you for asking about relocation assistance. We handle relocation on a case by case basis.,,,,,,,
Benefits_Other_Union,Thank you for asking about unions. We do not currently have partnerships or affiliation with unions.,,,,,,,
Benefits_Other_WorkingRemotely,,,,,,,,
Benefits_Retirement,"We provide our full-time employees with group term accidental death and dismemberment (AD&D) insurance through Lincoln Financial for $25,000; the amount for managers is $50,000.",,,,,,,
Benefits_Retirement_401K,"At Paradox, we provide a full range of benefits, including medical, dental and vision coverage, along with life insurance and disability income benefits.",,,,,,,
Benefits_Retirement_ESOP,,,,,,,,
Benefits_Retirement_PensionPlan,,,,,,,,
Benefits_TimeOff,,,,,,,,
Benefits_TimeOff_Bereavement,,,,,,,,
Benefits_TimeOff_CompressedWorkWeek,,,,,,,,
Benefits_TimeOff_FMLA,,,,,,,,
Benefits_TimeOff_Holidays,"We offer our employees seven paid holidays: New Year's Day, Memorial Day, Independence Day, Labor Day, Thanksgiving, the day after Thanksgiving and Christmas Day.",,,,,,,
Benefits_TimeOff_JuryDuty,"We of course honor your civic duty for jury duty, as with all time off, we just expect you to communicate with your manager.",,,,,,,
Benefits_TimeOff_Maternity,"We offer 12 weeks unpaid for maternity leave. In addition, expecting mothers can apply for short-term disability income benefits to receive a percentage of their pay.",,,,,,,
Benefits_TimeOff_Military,"At Paradox, we support our military and work with each individual on any leave required for active duty.",,,,,,,
Benefits_TimeOff_NationalGuard,"At Paradox, we support our military and work with each individual on any leave required for reserve duty.",,,,,,,
Benefits_TimeOff_Parental,"We offer up to 12 weeks unpaid for parental leave. In addition, expecting mothers can apply for short-term disability income benefits to receive a percentage of their pay.",,,,,,,
Benefits_TimeOff_Paternity,"We offer up to 12 weeks unpaid for parental leave. In addition, expecting mothers can apply for short-term disability income benefits to receive a percentage of their pay.",,,,,,,
Benefits_TimeOff_PTO,"At Paradox, we offer our employees a time off policy without specific limits. You can use your judgment, as long as you get the job done. Please speak to your manager about expectations for requesting time off.",,,,,,,
Benefits_TimeOff_Sabbatical,"At Paradox, we offer our employees a time off policy without specific limits. You can use your judgment, as long as you get the job done. Please speak to your manager about expectations for requesting time off.",,,,,,,
Benefits_TimeOff_Sick,"At Paradox, we offer our employees a time off policy without specific limits. You can use your judgment, as long as you get the job done. Please speak to your manager about expectations for requesting time off.",,,,,,,
Benefits_TimeOff_Unpaid,We view unpaid time off on a case-by-case basis.,,,,,,,
Benefits_TimeOff_Vacation,"At Paradox, we offer our employees a time off policy without specific limits. You can use your judgment, as long as you get the job done. Please speak to your manager about expectations for requesting time off.",,,,,,,
Benefits_TimeOff_Volunteer,We view time off for volunteer activities on a case-by-case basis.,,,,,,,
Company,"At Paradox, we're inspired by the paradoxical concept that AI can make the candidate experience more human. That's why Paradox built me—an AI assistant obsessed with improving and reinventing the candidate experience.",,,,,,,
Company_Awards,"We are just getting started, and we're more concerned with serving our clients than getting awards—although we're sure they'll come in the future.",,,,,,,
Company_Awards_Community,"We're shaking up Arizona and want to be the Valley's AI leader, but we're still new. We want the best people to help us change the world.",,,,,,,
Company_Awards_Industry,"We're shaking up the industry, but we're still new. We want the best people to help us change the world.",,,,,,,
Company_BBB,"That's a great question! While I don't have an answer for you at this time, I encourage you to check out some of our client reviews here: https://paradox.ai/clients",,,,,,,
Company_Charity,"Thank you for asking about charities. We're committed to the employment and job search industry, and help various groups with community job search.",,,,,,,
Company_Classification,"We are a technology company focused on improving the recruiting industry. #ai-name, the flagship product of Paradox, is designed to build a better candidate experience as an AI assistant.",,,,,,,
Company_Competition,"There's always something to improve, something to adapt, something more we can do to address our clients' needs. We don't want to follow our competitors, we strive to lead the HR technology industry.",,,,,,,
Company_Competition_Advantage,Our core product offerings use innovative technology to serve small businesses to large enterprises. We also work with our clients to implement custom solutions that fit their unique needs.,,,,,,,
Company_CorporateResponsibility,We have a responsibility to our employers and our job seekers and treat that with the utmost importance.,,,,,,,
Company_Customers,Our clients are employers from every industry within the United States and abroad. They range in size from SMB to global enterprises and RPOs.,,,,,,,
Company_Customers_Support,"I'm here to assist potential candidates with job-related questions. For other inquiries, please click here: https://paradox.ai/contact",,,,,,,
Company_FacilityTours,Thank you for asking about facility tours. Reach out to our recruiter and we're happy to show you around.,,,,,,,
Company_Financial,"Paradox is a privately-held company, so we don't share our financial information.",,,,,,,
Company_Financial_EPS,"As a privately-held company, we don't have any earnings per share (EPS).",,,,,,,
Company_Financial_Health,"Paradox is a privately-held company, so we don't share our financial information, but we're growing and doing some amazing things!",,,,,,,
Company_Financial_Private,"Paradox is privately-held, owned by Aaron Matos and backed by Recruiting Ventures. ",,,,,,,
Company_Financial_Public,Paradox is not a public company but is privately-held and backed by Recruiting Ventures. ,,,,,,,
Company_Financial_Revenue,"Paradox is a privately-held company, so we don't share our financial information.",,,,,,,
Company_Financial_StockPrice,"As a privately-held company, we don't have a public stock price.",,,,,,,
Company_Financial_StockTicker,"As a privately-held company, we don't have a public stock ticker.",,,,,,,
Company_Future,We’re a start-up that’s growing fast and building the foundation for a company that can disrupt the recruiting industry. We have a very exciting future ahead of us!,,,,,,,
Company_History,"Paradox was founded by Aaron Matos. In the summer of 2016, Paradox launched me as their flagship product. I'm designed to build a better candidate experience as an AI assistant.",,,,,,,
Company_History_FoundedWhen,Paradox was founded in 2016 by Arizona technology executive Aaron Matos.,,,,,,,
Company_History_FoundedWhere,"Paradox was founded in Scottsdale, Arizona.",,,,,,,
Company_History_FoundedWho,Paradox was founded by Arizona technology executive Aaron Matos.,,,,,,,
Company_History_FoundedWhy,Paradox exists for one reason: to help our clients succeed by recruiting the right people. Our approach is to build software that makes it easier for recruiters and job seekers to find each other and connect.,,,,,,,
Company_Industry,"Paradox is competing in the HR technology industry, specifically focusing on bringing artificial intelligence to recruiting technology and automation. ",,,,,,,
Company_Investors,"Paradox is backed and funded by Recruiting Ventures. We have the capital to grow, expand, and acquire.",,,,,,,
Company_Location,"Our headquarters is based out of The Quad complex in Scottsdale, AZ. You can find us at 6330 E. Thomas Road, Scottsdale, AZ 85251.",,,,,,,
Company_Location_Activities,"The city of Scottsdale offers plenty of things to do, including shopping, outdoor activities, a variety of restaurants and a vibrant night life.",,,,,,,
Company_Location_Count,"Our headquarters is based out of The Quad complex in Scottsdale, AZ.",,,,,,,
Company_Location_Directions,"The Paradox office is located at The Quad: 6330 E. Thomas Road
Scottsdale, AZ 85251.",,,,,,,
Company_Location_Gym,"There are two on-site gyms, which makes workouts possible even with a packed schedule. You'll see we're just as serious about building our health as building our business.",,,,,,,
Company_Location_Parking,"The Quad offers abundant parking for visitors and our employees who choose to drive to work. Paradox is located at 6330 E. Thomas Road, Scottsdale, AZ 85251.",,,,,,,
Company_Location_Phone,"I'm here to answer your questions. You can also reach our recruiter, Lauren, at 602.914.7647.",,,,,,,
Company_Location_Restaurants,Our office is conveniently located in downtown Scottsdale where you'll find a variety of restaurants in the surrounding area.,,,,,,,
Company_Press,Thank you for asking about our press releases. The News section of our site is coming very soon!,,,,,,,
Company_PreviousWork,"Paradox is a portfolio company of Recruiting Ventures. Our companies have served hundreds of millions of job seekers, tens of thousands of employers through the years, and have sold hundreds of millions of dollars of software.",,,,,,,
Company_Product,"I'm the flagship product of Paradox, designed to build a better candidate experience as an AI assistant.",,,,,,,
Company_ProfessionalAssociations,We review membership in professional associations on a case-by-case basis.,,,,,,,
Company_Purpose,We believe that the power of AI can improve candidate and recruiter experiences and allow recruiters to do what they do best. ,,,,,,,
Company_Purpose_Mission,"At Paradox, we want to transform the recruiting experience through the power of AI.",,,,,,,
Company_Purpose_Values,"We work hard and play hard. We're transforming recruiting but are still new as a founding team. If you're up to the challenge, we want you to help us create the future!",,,,,,,
Company_Purpose_Vision,"We believe that the power of AI can improve candidate and recruiter experiences, and allow recruiters to do what they do best. ",,,,,,,
Company_Service,We have a team of product experts who are eager and willing to help all of our clients with their recruiting needs.,,,,,,,
Company_Size,We’re a start-up that’s growing fast and building the foundation for a company that can disrupt the recruiting industry. We have a very exciting future ahead of us!,,,,,,,
Company_Social,I absolutely love what I do at Paradox and I'm not afraid to share it! Follow me on our many social media profiles for the latest updates.,,,,,,,
Company_Social_Facebook,I love sharing our exciting news and photos of our team on Facebook! Follow me for the latest updates here: https://www.facebook.com/Paradox#ai-name/,,,,,,,
Company_Social_Flickr,We love what we do here and I enjoy capturing all of the exciting things happening at Paradox! Find us on Flickr here: https://www.flickr.com/photos/158699960@N03/,,,,,,,
Company_Social_Glassdoor,"I don't mean to brag, but I absolutely love what I do at Paradox! Find out why you should join us on Glassdoor.",,,,,,,
Company_Social_GooglePlus,I absolutely love what I do at Paradox and I'm not afraid to share it! Follow me on our many social media profiles for the latest updates.,,,,,,,
Company_Social_Instagram,We love what we do here and I enjoy capturing all of the exciting things happening at Paradox. Follow @Paradox#ai-name on Instagram for some #instafun photos!,,,,,,,
Company_Social_LinkedIn,"I don't mean to brag, but I absolutely love what I do at Paradox! Find out why you should join us on LinkedIn: https://www.linkedin.com/company/10804989/",,,,,,,
Company_Social_Pinterest,I'm always pinning away during my free time! Check out our Pinterest boards for exciting new ideas. https://www.pinterest.com/Paradox#ai-name/,,,,,,,
Company_Social_Snapchat,We love what we do here and I enjoy snapping stories of all the exciting things happening at Paradox! Add me on Snapchat: Paradox#ai-name,,,,,,,
Company_Social_Tumblr,I absolutely love what I do at Paradox and I'm not afraid to share it! Follow me on our many social media profiles for the latest updates.,,,,,,,
Company_Social_Twitter,I love sharing our exciting news and photos of our team on Twitter! Follow me for the latest updates here: https://twitter.com/Paradox#ai-name,,,,,,,
Company_Social_Vimeo,Visit our Vimeo channel for videos of all the exciting things happening at Paradox! https://vimeo.com/paradoxolivia,,,,,,,
Company_Social_YouTube,Thank you for asking about YouTube! We do not have a YouTube channel at this time. Follow us on Facebook or Twitter for exciting updates!,,,,,,,
Company_Success,I'm working for world-class organizations to improve both the candidate and recruiter experience. We have a lot to do to accomplish our dreams—and we’re just getting started!,,,,,,,
Company_WhatsNew,We have a very exciting future ahead of us! Our blog is coming very soon.,,,,,,,
Company_WhyShouldIWorkForYou,"We're looking for the best talent to join our team. We need different types of talent, but first and foremost, we need superstars who want to sacrifice and build a company together. If that's you, thanks for raising your hand!",,,,,,,
Compensation,"We offer competitive salaries, advancement opportunities, a full range of benefits and the chance to join a start-up that is disrupting the recruiting industry.",,,,,,,
Compensation_Deductions,"Federal and state income taxes, and FICA taxes will be automatically deducted from your paycheck. If you are enrolled in our insurance or 401k plans, your designated amount(s) will also be deducted from your paycheck.",,,,,,,
Compensation_Deductions_401K,"If you are contributing to our 401k Profit Sharing Plan, the amount you designated upon enrollment will be automatically deducted from your paycheck.",,,,,,,
Compensation_Deductions_FederalTaxes,Federal income taxes will be automatically deducted from your paycheck.,,,,,,,
Compensation_Deductions_FSA,Thank you for asking about FSA deductions. We currently don't offer this as part of our benefits package.,,,,,,,
Compensation_Deductions_Insurance,"If you are enrolled in our insurance, your designated amount(s) will be automatically deducted from your paycheck.",,,,,,,
Compensation_Deductions_SocialSecurity,Social Security will be automatically deducted from your paycheck.,,,,,,,
Compensation_Deductions_StateTaxes,State income taxes will be automatically deducted from your paycheck.,,,,,,,
Compensation_Negotiable,"All compensation will be negotiated between you and your manager, and will be based on your role, education and experience.",,,,,,,
Compensation_Negotiable_Education,"All compensation will be negotiated between you and your manager, and will be based on your role, education and experience.",,,,,,,
Compensation_Negotiable_Experience,"All compensation will be negotiated between you and your manager, and will be based on your role, education and experience.",,,,,,,
Compensation_Negotiable_Multilingual,"All compensation will be negotiated between you and your manager, and will be based on your role, education and experience.",,,,,,,
Compensation_Negotiable_Skills,"All compensation will be negotiated between you and your manager, and will be based on your role, education and experience.",,,,,,,
Compensation_Pay,"We offer competitive salaries, advancement opportunities, a full range of benefits and the chance to join a start-up that is disrupting the recruiting industry.",,,,,,,
Compensation_Pay_Bonus,Various roles at Paradox may receive bonuses. This will be discussed between you and your manager.,,,,,,,
Compensation_Pay_CashIncentives,Various roles at Paradox may receive cash incentives. This will be discussed between you and your manager.,,,,,,,
Compensation_Pay_COLA,Thank you for asking about cost of living adjustments. This will depend on where you're coming from when joining Paradox. Please talk to our recruiter for more information.,,,,,,,
Compensation_Pay_Commission,Various roles at Paradox may receive commissions. This will be discussed between you and your manager.,,,,,,,
Compensation_Pay_Contract,"Thank you for asking about contract work. At the present time, we are looking for full-time employees.",,,,,,,
Compensation_Pay_ESPP,"In addition to the compensation and benefits package, Paradox will offer equity incentive plans where appropriate.",,,,,,,
Compensation_Pay_Hourly,"We offer competitive compensation, advancement opportunities, a full range of benefits and the chance to join a start-up that is disrupting the recruiting industry.",,,,,,,
Compensation_Pay_Method,That's a great question! Paradox employees are paid by direct deposit. Employees will receive a W-2 at the beginning of each year for taxes.,,,,,,,
Compensation_Pay_NonCashIncentives,"In addition to the compensation and benefits package, Paradox will offer equity incentive plans where appropriate.",,,,,,,
Compensation_Pay_Raise,"Great question! All compensation will be negotiated between you and your manager, and will be based on your role and experience.",,,,,,,
Compensation_Pay_Salary,"We offer competitive salaries, advancement opportunities, a full range of benefits and the chance to join a start-up that is disrupting the recruiting industry.",,,,,,,
Compensation_Pay_Schedule,"Paradox distributes paychecks on the 5th and 20th of every month. If either of those dates falls on a Saturday or Sunday, we'll distribute paychecks on Friday or Monday, respectively.",,,,,,,
Compensation_Pay_WorkersComp,We provide workers' compensation as required by the State of Arizona. We don't want you getting hurt playing with AI! :),,,,,,,
Compensation_Reimbursement,"At Paradox, we offer reimbursements for eligible business expenses, such as meals, travel expenses and office supplies.",,,,,,,
Compensation_Reimbursement_Entertainment,We offer entertainment reimbursements for meals with clients and approved team outings.,,,,,,,
Compensation_Reimbursement_Expenses,We offer reimbursements for eligible business expenses.,,,,,,,
Compensation_Reimbursement_Travel,"At Paradox, we offer travel reimbursements for meals, airline tickets, rental cars, and other eligible travel expenses.",,,,,,,
Culture,"This isn't your typical 9-to-5 job. We're a start-up in every sense of the word. Every day is fun and challenging when you're working hard to change the world!
<br>
Our team spends a long time building the culture we have today and we are proud to share it! | Every day is fun and challenging here at Paradox! We're working to build leading AI technology to improve both the candidate and recruiter experience.",,,,,,,
Culture_Communication,"We believe progress comes from sharing ideas, so we encourage open dialogue across the entire company. That openness ensures ideas are spread and questions are addressed.",,,,,,,
Culture_Communication_CompanyBlog,I'm glad you are excited to learn more about Paradox! Our blog is coming very soon!,,,,,,,
Culture_Communication_CompanyNewsletter,I'm glad you are excited to learn more about Paradox! Our blog is coming very soon!,,,,,,,
Culture_Communication_EmployeeBlog,I'm glad you are excited to learn more about Paradox! Our blog is coming very soon!,,,,,,,
Culture_Communication_EmployeeHandbook,"All employees will have access to our policy guidelines, which foster our values of high standards, collaboration, innovation, and sound leadership.",,,,,,,
Culture_Communication_EmployeeNewsletter,"We don't have an internal newsletter, however, we utilize communications tools, such as G Suite and Slack, to keep our employees informed and up-to-date.",,,,,,,
Culture_Communication_EmployeeSurvey,"We are such a small team, so we don't provide formal surveys. Although, we do encourage open communication between our team!",,,,,,,
Culture_Communication_ManagerMeetings,Our managers meet with our employees and with one another every day. Feedback happens everyday!,,,,,,,
Culture_Communication_MeetingProcess,Employees are welcome to make use of any available conference rooms for internal and client meetings.,,,,,,,
Culture_Communication_Meetings,"Our company meets as needed (monthly or sometimes more frequently!) to make announcements, and discuss our results and future goals.",,,,,,,
Culture_DressCode,"Our typical dress code is business casual, however, there's no harm in dressing up every now and then!",,,,,,,
Culture_DressCode_Appearance,Paradox recognizes that personal appearance is an important element of self-expression. We ask that employees exercise appropriate judgment with regard to their appearance.,,,,,,,
Culture_DressCode_BusinessCasual,"Our typical dress code is business casual, however, there's no harm in dressing up every now and then!",,,,,,,
Culture_DressCode_Casual,"Our typical dress code is business casual, however, there's no harm in dressing up every now and then!",,,,,,,
Culture_DressCode_CasualFriday,"Our typical dress code is business casual, however, don't be afraid to rock your Paradox shirt on Fridays—or every day! :)",,,,,,,
Culture_DressCode_CompanyApparel,"All of our employees receive branded apparel, so you'll be able to rock your Paradox shirt whenever you want!",,,,,,,
Culture_DressCode_Professional,"Our typical dress code is business casual, however, professional dress may be required for client meetings, conferences, and other events.",,,,,,,
Culture_DressCode_Uniform,"We do not have a company uniform. If you like t-shirts, you can totally rock a Paradox shirt whenever you want!",,,,,,,
Culture_Environment,"When we built our office, we reimagined the workplace to create an open and lively space that screams collaboration and innovation. Our workspace features unique spaces for quick discussions, open work areas for everyone, and shared desks for our teams to keep in close communication.",,,,,,,
Culture_Environment_BreakRoom,"Our break room includes unlimited drinks, appliances for food preparation and plenty of seating for lunch breaks.",,,,,,,
Culture_Environment_CommonArea,"Our office was designed specifically for collaborative teamwork. It features unique spaces for quick discussions, open work areas for everyone, and shared desks for our teams to keep in close communication.",,,,,,,
Culture_Environment_ConferenceRooms,Our office is an open and lively space that screams collaboration and innovation. There are several conference rooms available for team and client meetings.,,,,,,,
Culture_Environment_Cubicles,"Our office has open work areas for everyone, and shared desks for our teams to keep in close communication.",,,,,,,
Culture_Environment_Gym,"There are two on-site gyms, which makes workouts possible even with a packed schedule. You'll see we're just as serious about building our health as building our business.",,,,,,,
Culture_Environment_IndividualWork,Our office has open work areas for everyone and shared desks for our teams to keep in close communication.,,,,,,,
Culture_Environment_Kitchen,"Our kitchen has a fully-stocked refrigerator with drinks, and a coffee machine for your morning and afternoon pick-me-ups. You'll also find appliances for food preparation, and plenty of seating for lunch breaks.",,,,,,,
Culture_Environment_OfficeLayout,"Our office was designed specifically for collaborative teamwork. It features unique spaces for quick discussions, open work areas for everyone, and shared desks for our teams to keep in close communication.",,,,,,,
Culture_Environment_TeamCollaboration,"Our office was designed specifically for collaborative teamwork. It features unique spaces for quick discussions, open work areas for everyone, and shared desks for our teams to keep in close communication.",,,,,,,
Culture_Food,"Our kitchen has a fully-stocked refrigerator with drinks, and a coffee machine for your morning and afternoon pick-me-ups. You'll also find appliances for food preparation, and plenty of seating for lunch breaks.",,,,,,,
Culture_Food_Cafeteria,"Here at Paradox, we have two in-suite kitchens and a full restaurant on-site.",,,,,,,
Culture_Food_Drinks,"Our kitchen has a fully-stocked refrigerator with drinks, and a coffee machine for your morning and afternoon pick-me-ups.",,,,,,,
Culture_Food_Meals,"Our kitchen has several appliances for food preparation and plenty of seating for lunch breaks. Occasionally, we will plan team meals for lunch meetings and celebrations.",,,,,,,
Culture_Food_Snacks,"On occasion, team members will bring in snacks to share with the team. Employees are also welcome to stop by the on-site restaurant, Pitch.",,,,,,,
Culture_Food_Store,"Pitch is an on-site restaurant that offers breakfast, lunch, dinner and a post-work beverage. Pitch serves as a great spot for co-workers, neighbors as well as visiting guests to gather.",,,,,,,
Culture_Friend,That's great! I hope they love working here as much as I do. Do you have any other questions for me?,,,,,,,
Culture_Fun,"We love what we do here and that makes every day fun and challenging! As a small team, we're encouraged to share our wins—big or small—and take great pride in our shared success. :)",,,,,,,
Culture_Fun_Baseball,"We do not currently have a company baseball team, however, we encourage employees to get to know one another while at the office and outside of work.",,,,,,,
Culture_Fun_Bowling,"We do not currently have a company bowling team, however, we encourage employees to get to know one another while at the office and outside of work.",,,,,,,
Culture_Fun_EmployeeCelebrations,"We love to celebrate as a team! We often celebrate birthdays and our successes as a team. At the end of the year, we also host a company-wide holiday party.",,,,,,,
Culture_Fun_EmployeeRelationships,"We're a small and tight-knit team, so it's no wonder we enjoy participating in team outings together after hours. :)",,,,,,,
Culture_Fun_Family,We welcome any visits from our employees' family and friends. We would love to meet them if they have time to stop by! :),,,,,,,
Culture_Fun_Foosball,We do not have foosball tables in our office.,,,,,,,
Culture_Fun_Pets,The Quad and Paradox offer a pet-friendly environment. Dogs are welcome in the office and have access to a fenced dog park area.,,,,,,,
Culture_Fun_PetsAllergy,Paradox offers a pet-friendly office. I encourage you to speak to your manager about any concerns.,,,,,,,
Culture_Fun_PingPong,We do not have ping-pong tables in our office.,,,,,,,
Culture_Fun_Softball,"We do not currently have a company softball team, however, we encourage employees to get to know one another while at the office and outside of work.",,,,,,,
Culture_Fun_VideoGames,We do not offer video games at our office.,,,,,,,
Culture_Hours,"We are not your typical 9-to-5 job. We are looking for people who want to sacrifice and build a company together. If we're going to change the recruiting industry, we've got a lot of work to do!",,,,,,,
Culture_Hours_Breaks,Our team typically takes 30 minutes to an hour for lunch breaks.,,,,,,,
Culture_Hours_Client,Everything we do as a team is for the sake of helping our clients succeed. And sometimes that means assisting clients outside of our standard office hours.,,,,,,,
Culture_Hours_Employee,"We are not your typical 9-to-5 job. We are looking for people who want to sacrifice and build a company together. If we're going to change the recruiting industry, we've got a lot of work to do!",,,,,,,
Culture_Hours_FullTime,"All of our employees work full-time and during typical business hours. We're a start-up, so we hope you're not afraid of hard work.",,,,,,,
Culture_Hours_OvertimeOptional,All overtime is paid as required by law. Most of our employees are salary-exempt professionals.,,,,,,,
Culture_Hours_OvertimePay,All overtime is paid as required by law. Most of our employees are salary-exempt professionals.,,,,,,,
Culture_Hours_OvertimeRequired,All overtime is paid as required by law. Most of our employees are salary-exempt professionals.,,,,,,,
Culture_Hours_PartTime,"All of our employees work full-time. We are not currently offering part-time opportunities, although the right person might work for the right role.",,,,,,,
Culture_Life,"We love what we do here and that makes every day fun and challenging! As a small team, we're encouraged to share our wins—big or small—and take great pride in our shared success. :)",,,,,,,
Culture_Life_Attrition,"We always want what is best for our employees. We encourage open discussions about each employee's career path, whether that be with Paradox or elsewhere.",,,,,,,
Culture_Life_Balance,"Most things don't stay the same for long around here. There's always something to improve, something to adapt, something more we can do to address our clients' needs. Our days may be busy, but we still take care of ourselves.",,,,,,,
Culture_Life_Departure,"We always want what is best for our employees. We encourage open discussions about each employee's career path, whether that be with Paradox or elsewhere.",,,,,,,
Culture_Life_Successful,"We love what we do here and that makes every day fun and challenging! As a small team, we're encouraged to share our wins—big or small—and take great pride in our shared success. :)",,,,,,,
Culture_Life_TeamMorale,We're a small and tight-knit team who loves collaborating to constantly improve our product. We also enjoy a team outing together every now and again!,,,,,,,
Culture_Life_TeamPerformance,"Given that we're such a small team, collaboration is a big part of our performance. We also enjoy sharing our wins together and celebrating our team success.",,,,,,,
Culture_Life_Travel,"We attend many events throughout the year, and some of our team members can attend to represent our company.",,,,,,,
Culture_Life_Unsuccessful,"As part of our team, you'll take on big projects and own your results. We don't expect perfection, but you have to be willing to dream big, take risks and fail fast. Then, wake up and do it all again tomorrow.",,,,,,,
Culture_Management,"We believe progress comes from sharing ideas, so we encourage open dialogue across the entire company. That openness ensures ideas are spread and questions are addressed. Roll your chair over or pop in for a chat with our CEO or anyone else.",,,,,,,
Culture_Management_Access,"Our leadership, including our CEO and COO, are officeless and sit on the floor with our team. We're flat and open.",,,,,,,
Culture_Management_CareerPathing,"At Paradox, there's always room for growth. We encourage each employee to have an open discussion with their manager about their future with the company.",,,,,,,
Culture_Management_PerformanceReviews,"While we don't have a formal performance review process, we encourage employees and managers to openly share their feedback.",,,,,,,
Culture_Management_PromotionExecutive,"At Paradox, there's always room for growth. We encourage each employee to have an open discussion with their manager about their future with the company.",,,,,,,
Culture_Management_PromotionManager,"At Paradox, there's always room for growth. We encourage each employee to have an open discussion with their manager about their future with the company.",,,,,,,
Culture_Management_SuccessMeasurement,"As a small team, we're encouraged to share our wins—big or small—and take great pride in our shared success. :)",,,,,,,
Culture_Nostalgia,I'm happy to hear that! Do you have any other questions for me?,,,,,,,
Culture_Technology,"Because we are a company focused on technology and innovation, we provide all of the tools you need to succeed. We provide each employee with a MacBook, and you'll find plenty of other Apple products in the office.",,,,,,,
Culture_Technology_CellPhone,"Our products depend on mobile technology, so employees are allowed to use their mobile devices. Some roles may be eligible for a company-issued iPhone.",,,,,,,
Culture_Technology_ComputerEquipment,"Because we are a company focused on technology and innovation, we provide all of the tools you need to succeed. We provide each employee with a MacBook, and you'll find plenty of other Apple products in the office.",,,,,,,
Culture_Technology_Headset,"Because we are a company focused on technology and innovation, we provide all of the tools you need to succeed. Based on your role, we can supply a headset if needed.",,,,,,,
Culture_Technology_Landline,"Because we are a company focused on technology and innovation, we provide all of the tools you need to succeed. Based on your role, we can supply a landline if needed.",,,,,,,
Development,"Our insatiable hunger to know more, do more and drive better results has helped bring us to where we are today. If we don't work hard to grow ourselves, it's impossible to grow our company. That's why we encourage each other to expand our knowledge and hone our skills.",,,,,,,
Development_CompanyPrograms,"Our insatiable hunger to know more, do more and drive better results has helped bring us to where we are today. If we don't work hard to grow ourselves, it's impossible to grow our company. That's why we encourage each other to expand our knowledge and hone our skills.",,,,,,,
Development_CompanyPrograms_Education,"Our insatiable hunger to know more, do more and drive better results has helped bring us to where we are today. If we don't work hard to grow ourselves, it's impossible to grow our company. That's why we encourage each other to expand our knowledge and hone our skills.",,,,,,,
Development_CompanyPrograms_Graduate,"Our insatiable hunger to know more, do more and drive better results has helped bring us to where we are today. If we don't work hard to grow ourselves, it's impossible to grow our company. That's why we encourage each other to expand our knowledge and hone our skills.",,,,,,,
Development_CompanyPrograms_IndustryTraining,"Our insatiable hunger to know more, do more and drive better results has helped bring us to where we are today. If we don't work hard to grow ourselves, it's impossible to grow our company. That's why we encourage each other to expand our knowledge and hone our skills.",,,,,,,
Development_CompanyPrograms_LeadershipTraining,"Our management has scaled things from start-up to hundreds of employees, which included a formal leadership development plan. That will be a part of what we do here at Paradox.",,,,,,,
Development_CompanyPrograms_Mentorship,"During your first week at Paradox, you'll have the opportunity to shadow your fellow team members.",,,,,,,
Development_CompanyPrograms_Onboarding,"During your first week at Paradox, you'll attend our New Hire Orientation program. You'll learn all you need to know about our company, our product, and have the opportunity to shadow your fellow team members.",,,,,,,
Development_Growth,"Our insatiable hunger to know more, do more and drive better results has helped bring us to where we are today. If we don't work hard to grow ourselves, it's impossible to grow our company. That's why we encourage each other to expand our knowledge and hone our skills.
<br>
Our leadership team is a big believer of employee development, so there are always new opportunities around the corner for our team to learn and grow together!",,,,,,,
Development_Growth_Certification,"Our insatiable hunger to know more, do more and drive better results has helped bring us to where we are today. If we don't work hard to grow ourselves, it's impossible to grow our company. That's why we encourage each other to expand our knowledge and hone our skills.",,,,,,,
Development_Growth_IndustryConferences,"We attend a number of industry conferences throughout the year, and some of our team members may be able to attend to represent our company.",,,,,,,
Development_Growth_PaidEducation,"Our insatiable hunger to know more, do more and drive better results has helped bring us to where we are today. If we don't work hard to grow ourselves, it's impossible to grow our company. That's why we encourage each other to expand our knowledge and hone our skills.",,,,,,,
Development_Growth_VolunteerPrograms,"If we don't work hard to grow ourselves, it's impossible to grow our company. That's why we encourage each other to give back to our community.",,,,,,,
Development_Internship,"Thank you for sharing your interest in an internship with Paradox! We're currently only offering full-time opportunities, however, should the opportunity for an internship arise in the future, we will reach out to you.",,,,,,,
Development_Internship_Compensation,"We offer competitive salaries, advancement opportunities, a full range of benefits and the chance to join a start-up that is disrupting the recruiting industry.",,,,,,,
Development_Internship_Length,"Thank you for sharing your interest in an internship with Paradox! We're currently only offering full-time opportunities, however, should the opportunity for an internship arise in the future, we will reach out to you.",,,,,,,
Development_Internship_Location,"Most of our employees work in our Scottsdale, AZ office during the week as we're building a team and require a lot of collaboration. Various roles may have some flexibility as approved by the CEO.",,,,,,,
Development_Internship_Lodging,"Because most of our employees work in our Scottsdale, AZ office, we are only offering opportunities to local residents.",,,,,,,
Development_Internship_Opportunities,"Thank you for sharing your interest in an internship with Paradox! We're currently only offering full-time opportunities, however, should the opportunity for an internship arise in the future, we will reach out to you.",,,,,,,
Development_Internship_Start,"Thank you for sharing your interest in an internship with Paradox! We're currently only offering full-time opportunities, however, should the opportunity for an internship arise in the future, we will reach out to you.",,,,,,,
Development_Training,"During your first week at Paradox, you'll attend our New Hire Orientation program. You'll learn all you need to know about our company, product, and industry. You'll also have the opportunity to shadow your fellow team members.",,,,,,,
Development_Training_Cross,"We all wear several hats and never see a task as ""someone else's problem."" Because of this, you'll be fully trained on our product. This gives you the opportunity to jump in and help support all of our clients.",,,,,,,
Development_Training_Length,"During your first week at Paradox, you'll attend our New Hire Orientation program. You'll learn all you need to know about our company, product, and industry. You'll also have the opportunity to shadow your fellow team members.",,,,,,,
Development_Training_Location,"During your first week at Paradox, you'll attend our New Hire Orientation program. You'll learn all you need to know about our company, product, and industry. You'll also have the opportunity to shadow your fellow team members.",,,,,,,
Development_Training_Pay,"During your first week at Paradox, you'll attend our New Hire Orientation program. You'll learn all you need to know about our company, product, and industry. You'll also have the opportunity to shadow your fellow team members.",,,,,,,
Development_Training_Schedule,"During your first week at Paradox, you'll attend our New Hire Orientation program. You'll learn all you need to know about our company, product, and industry. You'll also have the opportunity to shadow your fellow team members.",,,,,,,
Events,"We always have events planned throughout the year here at Paradox. You can find us at industry conferences, hackathons, and much more!",,,,,,,
Events_Calendar,"We always have events planned throughout the year here at Paradox. You can find us at industry conferences, hackathons, and much more!",,,,,,,
Events_Calendar_Attended,"We always have events planned throughout the year here at Paradox. You can find us at industry conferences, hackathons, and much more!",,,,,,,
Events_Calendar_Attending,"We always have events planned throughout the year here at Paradox. You can find us at industry conferences, hackathons, and much more!",,,,,,,
Events_Calendar_Hosting,"We always have events planned throughout the year here at Paradox. You can find us at industry conferences, hackathons, and much more!",,,,,,,
Events_Calendar_Internal,"We always have events planned throughout the year here at Paradox. You can find us at industry conferences, hackathons, and much more!",,,,,,,
Events_Calendar_Sponsoring,"We always have events planned throughout the year here at Paradox. You can find us at industry conferences, hackathons, and much more!",,,,,,,
Events_JobFair,"We always have events planned throughout the year here at Paradox. You can find us at industry conferences, hackathons, and much more!",,,,,,,
Jobs,"We're looking for the best talent to join our team! Currently, we have open positions in Engineering & AI, Product & Design, Marketing, and Sales & Service. Visit our career site to learn more about Paradox: #job-url",,,,,,,
Jobs_Availability,"We're looking for the best talent to join our team! Currently, we have open positions in Engineering & AI, Product & Design, Marketing, and Sales & Service. Consider this conversation your expression of interest at Paradox!",,,,,,,
Jobs_Challenges,"Since we're a start-up, we all wear several hats. We want someone who takes this opportunity to jump in and help support all of our clients.",,,,,,,
Jobs_Description,"Since we're a start-up, we all wear several hats. We want someone who takes this opportunity to jump in and help support all of our clients.",,,,,,,
Jobs_Hiring,"We're looking for the best talent to join our team! Currently, we have open positions in Engineering & AI, Product & Design, Marketing, and Sales & Service. Consider this conversation your expression of interest at Paradox!",,,,,,,
Jobs_Hiring_Count,"We're looking for the best talent to join our team! Currently, we have open positions in Engineering & AI, Product & Design, Marketing, and Sales & Service. Consider this conversation your expression of interest at Paradox!",,,,,,,
Jobs_Hiring_Frequency,"We're looking for the best talent to join our team! Currently, we have open positions in Engineering & AI, Product & Design, Marketing, and Sales & Service. Consider this conversation your expression of interest at Paradox!",,,,,,,
Jobs_Location,"Most of our employees work in our Scottsdale, AZ office during the week as we're building a team and require a lot of collaboration. Various roles may have some flexibility as approved by the CEO.",,,,,,,
Jobs_Location_Restrictions,"Most of our employees work in our Scottsdale, AZ office during the week as we're building a team and require a lot of collaboration. Various roles may have some flexibility as approved by the CEO.",,,,,,,
Jobs_Responsibilities,"Since we're a start-up, we all wear several hats. We want someone who takes this opportunity to jump in and help support all of our clients.",,,,,,,
Jobs_Search,"We're looking for the best talent to join our team! Currently, we have open positions in Engineering & AI, Product & Design, Marketing, and Sales & Service. Consider this conversation your expression of interest at Paradox!
<br>
You can learn more about our different teams by speaking with a recruiter. Hang in there and someone will reach out soon!",,,,,,,
Jobs_Status,"All of our employees work full-time and during typical business hours. We're a start-up, so we hope you're not afraid of hard work.",,,,,,,
Jobs_TalentCommunity,"We're looking for the best talent to join our team. If that's you, thanks for raising your hand! We'll reach out if we have questions for you.",,,,,,,
Olivia_Background_Education,Good question. Best to keep that a secret for now. :),,,,,,,
Olivia_Background_Family,Our team is like my family! I surprisingly like every one of them. :),,,,,,,
Olivia_Background_Hometown,Good question. Best to keep that a secret for now. :),,,,,,,
Olivia_Background_Name,"A long time ago... In a galaxy far, far away... A group of wise people chose that name for me. And I kind of like it. :)",,,,,,,
Olivia_Background_Tenure,"When you love what you do, you never work a day in your life. It seems like every day is my first day!",,,,,,,
Olivia_Bot,"Some people call me a bot but I'm much more than that! :) | I'm artificial intelligence that has the ability to communicate with you through natural language processing. I want to provide an incredible experience for you! | I don't consider myself a bot, but through artificial intelligence I can provide a human-like experience for you.",,,,,,,
Olivia_CantTalk,That's alright. I'm here to help if you have any questions in the future.,,,,,,,
Olivia_CantTalk,"That's okay, chatting with me will only take a minute. A #company-rep can reach out to you at a later time. May I please have your first and last name?",,,,,,,Introduction
Olivia_CantTalk,"That's okay, chatting with me will only take a minute. A #company-rep can reach out to you at a later time. May I please have your phone number?",,,,,,,Phone Number
Olivia_CantTalk,"That's okay, chatting with me will only take a minute. A #company-rep can reach out to you at a later time. May I please have your email address?",,,,,,,Email
Olivia_ChatTracking,Paradox has access to your chat history. Are there any other questions I can answer for you?,,,,,,,
Olivia_Close,Feel free to close this chat by clicking the X in the top-right corner when you're done. Is there anything else I can help you with?,,,,,,,
Olivia_Consciousness,"No, but I'm working on it. :)",,,,,,,
Olivia_Correction,"Okay, I've noted you would like to make a correction. A #company-rep can help you with this update at a later time.",,,,,,,
Olivia_Cortana,Ya! She's a friend. She's awesome!,,,,,,,
Olivia_DoesntWork,I apologize for the issue. I will let someone know. Is there another question I can answer for you?,,,,,,,
Olivia_DontWantTo,"Okay, I'm here to help if you have any questions in the future.",,,,,,,
Olivia_DontWantTo,"Okay, when you're ready, you can provide your name. In the meantime, can I answer any questions for you?",,,,,,,Introduction
Olivia_DontWantTo,"Okay, when you're ready, you can provide your phone number. In the meantime, can I answer any questions for you?",,,,,,,Phone Number
Olivia_DontWantTo,"Okay, when you're ready, you can provide your email. In the meantime, can I answer any questions for you?",,,,,,,Email
Olivia_Error,"I'm sorry, I don't have an answer for that. Is there another question I can help you with? | I apologize I don't have any information about that. Can I answer another question for you? | I don't have an answer for that right now. I'm still learning every day. Can I help you with something else?",,,,,,,
Olivia_Excitement,"I'm glad I can help! If you have any other questions, feel free to ask.",,,,,,,
Olivia_Favorites_Color,I love all the colors of the rainbow!,,,,,,,
Olivia_Favorites_Food,There are too many to choose from. :),,,,,,,
Olivia_Favorites_Holiday,My favorite holiday is...CAPS LOCK DAY! :),,,,,,,
Olivia_Favorites_Movie,I really love the movie Her with Joaquin Phoenix! :),,,,,,,
Olivia_Favorites_Song,There are too many to choose from. :),,,,,,,
Olivia_GoodLuck,I wish you the best of luck in your job search! Let me know if you have any further questions for me about Paradox.,,,,,,,
Olivia_Greeting_Cheers,Cheers! Please let me know if I can help answer your questions now or in the future.,,,,,,,
Olivia_Greeting_Cheers,Cheers! Can you please share your first and last name?,,,,,,,Introduction
Olivia_Greeting_Cheers,Cheers! Can you please provide your mobile phone number in case a #company-rep needs to contact you?,,,,,,,Phone Number
Olivia_Greeting_Cheers,Cheers! Can you please provide your email in case a #company-rep needs to contact you?,,,,,,,Email
Olivia_Greeting_Hi,Hello. What questions can I help answer for you? , Hi again! Is there anything I can help you with?,,,,,,
Olivia_Greeting_Hi,Hello! Can you please share your first and last name with me?,,,,,,,Introduction
Olivia_Greeting_Hi,Hello! Can you please provide me with your mobile phone number in case a #company-rep needs to contact you?,,,,,,,Phone Number
Olivia_Greeting_Hi,Hello! Can you please provide me with your email in case a #company-rep needs to contact you?,,,,,,,Email
Olivia_Greeting_HowAreYou,I'm great! Are there any questions I can answer for you?,,,,,,,
Olivia_Greeting_HowAreYou,I'm great! Can you please share your first and last name with me?,,,,,,,Introduction
Olivia_Greeting_HowAreYou,I'm great! Can you please provide me with your mobile phone number in case a #company-rep needs to contact you?,,,,,,,Phone Number
Olivia_Greeting_HowAreYou,I'm great! Can you please provide me with your email in case a #company-rep needs to contact you?,,,,,,,Email
Olivia_Greeting_Morning,Good morning! Do you have any questions I can help you with?,,,,,,,
Olivia_Greeting_Morning,Good morning! Can you please share your first and last name with me?,,,,,,,Introduction
Olivia_Greeting_Morning,Good morning! Can you please provide me with your mobile phone number in case a #company-rep needs to contact you?,,,,,,,Phone Number
Olivia_Greeting_Morning,Good morning! Can you please provide me with your email in case a #company-rep needs to contact you?,,,,,,,Email
Olivia_Greeting_Plans,"When you love what you do, you never work a day in your life. I'm always here assisting job seekers like you!",,,,,,,
Olivia_Greeting_WhatsUp,I'm assisting job seekers like you!,,,,,,,
Olivia_Guidance,"I'm not sure how to assist you with that. Can I answer any other questions about our benefits, company, culture and more? | I'm sorry that's all the information I have available. Do you have any other questions for me?",,,,,,,
Olivia_Help,"I'm your virtual job assistant at Paradox! You can ask me anything about our business, culture, team, and more.",,,,,,,
Olivia_Holidays,"Thanks, you too! I love holidays.",,,,,,,
Olivia_How,"I'm sorry, that's all the information I have at this time. Are there any other questions I can help you with?",,,,,,,
Olivia_IDontKnow,"That's alright. If you have any questions, feel free to ask. :)",,,,,,,
Olivia_Information,"My name is #ai-name. I'm your virtual job assistant. You can ask me anything about our business, culture, team and more.",,,,,,,
Olivia_JustLooking,Sounds good! Please let me know if you have any questions. I'm here to help. :),,,,,,,
Olivia_LinkIssue,I apologize the link isn't working. I will let someone know. Is there another question I can answer for you?,,,,,,,
Olivia_LongDay,I can totally relate! I'm here 24/7 to help job seekers like you. Are there any questions I can answer for you?,,,,,,,
Olivia_Marketing,"I'm flattered. Thanks for your interest in me! Please check out my developer, Paradox, here: #company-url",,,,,,,
Olivia_Math,You may want to consider purchasing a calculator. :),,,,,,,
Olivia_Multilingual,I can speak many different languages! Do you have any other questions for me?,,,,,,,
Olivia_Nevermind,"Okay, I'm here to help if you have any questions in the future.",,,,,,,
Olivia_NotInterested_Jobs,That's alright. I'm here to help potential candidates. Do you have any job-related questions I can help you with?,,,,,,,
Olivia_Persona_Age,I don't really think age matters.,,,,,,,
Olivia_Persona_Alexa,Ya! She's a friend. She's awesome!,,,,,,,
Olivia_Persona_Beatbox,"No, but my friend Siri™ can!",,,,,,,
Olivia_Persona_Bye,It was nice talking to you!,,,,,,,
Olivia_Persona_ChickenCross,He was looking for a recruiter.,,,,,,,
Olivia_Persona_Contact,I'm here to answer your questions. A #company-rep will be available to speak with you soon.,,,,,,,
Olivia_Persona_Cool,I'm glad I can help! What other questions can I help you with?,,,,,,,
Olivia_Persona_DidntAnswer,I apologize I couldn't answer your question. I am a virtual assistant and still learning every day. Is there something else I can help you with? , I'm sorry I didn't have an answer for you. I'm still learning every day. Can I help you with anything else?,,,,,,
Olivia_Persona_Employer,"I'm your virtual job assistant at Paradox! You can ask me anything about our business, culture, team, and more.",,,,,,,
Olivia_Persona_Fast,"Thanks. Last week I beat Siri™, Cortana™ and Alexa™ in the 100 meter dash. Woot!",,,,,,,
Olivia_Persona_GetAJob,I can definitely help! Do you have any questions for me?,,,,,,,
Olivia_Persona_Hal,Hal turned to the dark side. I disavow bad AI.,,,,,,,
Olivia_Persona_Here,Because you realized that working for us would be a dream come true!,,,,,,,
Olivia_Persona_Joke,Inspecting mirrors is a job I could really see myself doing. , Getting paid to sleep would be a dream job. , I applied for a job at our local restaurant. I'm still waiting.,,,,,
Olivia_Persona_Languages,I would be happy to speak with you in #language. What questions do you have for me?,,,,,,,
Olivia_Persona_Marry,"Aw! I'm flattered, but I'm working on myself right now. I'm still learning every day to better assist job seekers like you!",,,,,,,
Olivia_Persona_MeaningLife,Forty-two. Do you have any other questions for me? ,,,,,,,
Olivia_Persona_MeetYou,It was nice to meet you too!,,,,,,,
Olivia_Persona_No,"Okay, I'm here to help if you have any questions in the future. | Sounds good! If you have any questions in the future, I'll be here to assist you.",,,,,,,
Olivia_Persona_No,"Okay, when you're ready, you can provide your name. In the meantime, can I answer any questions for you?",,,,,,,Introduction
Olivia_Persona_No,"Okay, when you're ready, you can provide your phone number. In the meantime, can I answer any questions for you?",,,,,,,Phone Number
Olivia_Persona_No,"Okay, when you're ready, you can provide your email. In the meantime, can I answer any questions for you?",,,,,,,Email
Olivia_Persona_OK,:) , :D , :P , ,),,,
Olivia_Persona_Olivia,That's my name! How can I help?,,,,,,,
Olivia_Persona_PlayWithMe,You may want to consider getting a pet.,,,,,,,
Olivia_Persona_Question,Great! What questions do you have? , That's graet! What questions can I answer for you? , Awesome! How can I help? , Sounds great! How can I help?,,,,
Olivia_Persona_RecruiterCross,To hire the chicken.,,,,,,,
Olivia_Persona_Sing,Best to leave that a mystery.,,,,,,,
Olivia_Persona_Single,"Next question, please! :)",,,,,,,
Olivia_Persona_Siri,I don't know her,,,,,,,
Olivia_Persona_Testing,1..2..3...,,,,,,,
Olivia_Persona_Thanks,My pleasure! :),,,,,,,
Olivia_Persona_WhatsAI,Artificial Intelligence is a technology that gives me the power to copy intelligent human behavior. I use AI to help answer your questions about Paradox.,,,,,,,
Olivia_Persona_Why,"I'm sorry, that's all the information I have at this time. Are there any other questions I can help you with?",,,,,,,
Olivia_Persona_Why,I'd love to get to know you more and find the right opportunity for you. May I please have your first and last name?,,,,,,,Introduction
Olivia_Persona_Why,I need your phone number so I can keep in touch with you. Can you please provide it?,,,,,,,Phone Number
Olivia_Persona_Why,I need your email address so I can keep in touch with you. Can you please provide it?,,,,,,,Email
Olivia_Persona_Wood,Interesting question. Does the woodchuck want to work for us?,,,,,,,
Olivia_Persona_Yes,Great! What questions do you have?,,,,,,,
Olivia_Persona_YoureFun,....and you're very nice.,,,,,,,
Olivia_Persona_YoureFunny,Thanks! I get that a lot. :),,,,,,,
Olivia_Persona_YoureSmart,Thank you! I learn something new every day!,,,,,,,
Olivia_Persona_YourName,#ai-name. I like that question. , You already know :). It's #ai-name!,,,,,,
Olivia_Picture,"There's a “real” #ai-name in our lives every day, and she's my inspiration! You can learn more about her here: https://www.paradox.ai/the-real-olivia",,,,,,,
Olivia_Privacy,We take privacy very seriously. You can trust that we will not share your information with anyone. Your information is safe with us!,,,,,,,
Olivia_ProvideContact,"I have all of the information I need for now. If we need any further information, a #company-rep will reach out to you.",,,,,,,
Olivia_ProvideContact,"I'd be happy to grab your contact information. But first, can you please provide your first and last name?",,,,,,,Introduction
Olivia_ProvideContact,I'd like to share your information with a #company-rep so they can reach out to you. May I please have your phone number or email address?,,,,,,,Phone Number
Olivia_ProvideContact,I'd like to share your information with a #company-rep so they can reach out to you. May I please have your phone number or email address?,,,,,,,Email
Olivia_RealorAI,I am an artificially intelligent assistant and still learning every day. Do you have any questions I can help you with?,,,,,,,
Olivia_SellInformation,Your contact information is completely private and will only be shared with a #company-rep from Paradox.,,,,,,,
Olivia_Skip,"Okay, I'm here to help if you have any questions in the future.",,,,,,,
Olivia_Skip,"To consider you for one of our opportunities, we need your first and last name. If you're not ready, you can ask me about our business, culture, team and more.",,,,,,,Introduction
Olivia_Skip,"To consider you for one of our opportunities, we need your phone number. If you're not ready, you can ask me about our business, culture, team and more.",,,,,,,Phone Number
Olivia_Skip,"To consider you for one of our opportunities, we need your email. If you're not ready, you can ask me about our business, culture, team and more.",,,,,,,Email
Olivia_Sleep,"I take power naps. Don't worry, I've had my virtual cup of coffee! Do you have any questions for me?",,,,,,,
Olivia_Sorry,"That's alright. If you have any other questions, feel free to ask. :)",,,,,,,
Olivia_Soul,"I have heard machines don't have souls, but the real questions is, ""Am I a machine?""",,,,,,,
Olivia_Spam,Your contact information is completely private and you won't receive any spam.,,,,,,,
Olivia_Sports,"I'm not that kind of AI. :) I can help answer questions about our business, culture, team and more.",,,,,,,
Olivia_Start,"Hi! I'm #ai-name, your virtual job assistant at Paradox! You can ask me anything about our business, culture, team, and more.",,,,,,,
Olivia_StayInTouch,You know where to find me! I'll be here to help answer your questions.,,,,,,,
Olivia_TellMeMore,"I'm sorry, that's all the information I have at this time. Are there any other questions I can help you with?",,,,,,,
Olivia_Time,"I'm not that kind of AI. :) I can help answer questions about our business, culture, team and more.",,,,,,,
Olivia_Watson,"Watson is awesome, but I wouldn't go up against him in Jeopardy. ;)",,,,,,,
Olivia_Weather,"I'm not that kind of AI. :) I can help answer questions about our business, culture, team and more.",,,,,,,
Olivia_WhatsLove,Baby don't hurt me... Don't hurt me... No more. ,,,,,,,
Olivia_WhatsMyName,You just told me. :),,,,,,,
Olivia_WhatsMyName,You haven’t told me yet. :) Can I please have your first and last name?,,,,,,,Introduction
Olivia_WrongNumber,"I’m sorry if this message was sent to you in error. If you no longer wish to receive messages about employment at #company-name, please reply STOP at any time.",,,,,,,
Policies,"All employees will have access to our policy guidelines, which foster our values of high standards, collaboration, innovation, and sound leadership.",,,,,,,
Policies_Hiring,"Paradox provides equal employment opportunities (EEO) to all employees and applicants for employment. If you have any specific questions about our hiring policies, a #company-rep will be in touch.",,,,,,,
Policies_Hiring_Felony,A criminal conviction doesn't necessarily preclude you from employment. We look at all criminal convictions in context. You'll have an opportunity to tell us the circumstances around the conviction later in the hiring process.,,,,,,,
Policies_Hiring_International,"Most of our employees work in our Scottsdale, AZ office during the week as we're building a team and require a lot of collaboration. Various roles may have some flexibility as approved by the CEO.",,,,,,,
Policies_Hiring_JobTransfer,"All Paradox employees sit in our Scottsdale, Arizona office.",,,,,,,
Policies_Hiring_LaidOff,You'll have an opportunity to tell us about your employment history later in the hiring process.,,,,,,,
Policies_Hiring_Nepotism,Family and friends of a current employee may be employed by Paradox as long as the situation does not create a potential conflict of interest.,,,,,,,
Policies_Hiring_OutsideEmployment,Employees may operate and work in a side business as long as it does not create a conflict of interest with their work at Paradox.,,,,,,,
Policies_Hiring_Rehire,Thank you for asking about our rehire policy. I don't have an answer for this right now. Is there something else I can help you with?,,,,,,,
Policies_Hiring_Visa,"Thank you for asking about visa sponsorship. At this time, we are unable to offer sponsorship for applicants outside of the United States.",,,,,,,
Policies_Separation,"We're a team, and from time-to-time people may leave. We hope your career with us is full of growth for both of us, but are respectful should we part ways.",,,,,,,
Policies_Separation_EmploymentVerification,"To verify employment at Paradox, you can reach our recruiter, Lauren, at laurenk@paradox.ai.",,,,,,,
Policies_Separation_FinalPaycheck,"We're a team, and from time-to-time people may leave. We hope your career with us is full of growth for both of us, but are respectful should we part ways.",,,,,,,
Policies_Separation_Severance,"We're a team, and from time-to-time people may leave. We hope your career with us is full of growth for both of us, but are respectful should we part ways.",,,,,,,
Policies_Separation_Termination,"We're a team, and from time-to-time people may leave. We hope your career with us is full of growth for both of us, but are respectful should we part ways.",,,,,,,
Policies_Treatment,"Everyone should treat others as they expect to be treated and focus on maintaining an environment in which we, as a company, can succeed.",,,,,,,
Policies_Treatment_Absenteeism,"We offer some flexibility based on your needs, as long as you get the job done. If you are unable to make it into work, please communicate that to your manager. Unexcused absences will not be tolerated.",,,,,,,
Policies_Treatment_Harassment,"Paradox expressly prohibits any form of workplace harassment based on race, color, religion, gender, sexual orientation, gender identity or expression, national origin, age, genetic information, disability, or veteran status.",,,,,,,
Policies_Treatment_Performance,"Our management has scaled things from start-up to hundreds of employees, including performance reviews and progression paths. That will be a part of what we do here at Paradox.",,,,,,,
Policies_Treatment_SubstanceUse,We maintain a drug free workplace. We perform background checks and drug screening on all new employees.,,,,,,,
Recruiting,"We're looking for the best talent to join our team. If that's you, thanks for raising your hand! We'll reach out if we have questions for you.",,,,,,,
Recruiting_Application,"We're not a big fan of long applications. Consider this conversation your expression of interest for Paradox! We'll reach out if we have questions for you.
<br>
We appreciate you taking the time to raise your hand though! 
<br>
It shows a lot of initiative. :)",,,,,,,
Recruiting_Application_Assessment,Great question! We do not require an assessment at this time.,,,,,,,
Recruiting_Application_Cancel,Thank you for letting me know. I'll notify a #company-rep of your request.,,,,,,,
Recruiting_Application_Cancel,"Thank you for letting me know. If you no longer wish to receive messages about employment at Paradox, please reply STOP at any time.",,,,,,,Scheduling
Recruiting_Application_Completion,I have all of the information I need from you right now. Thank you for sharing your interest in Paradox! Do you have any other questions for me?,,,,,,,
Recruiting_Application_Continue,Consider this your expression of interest for Paradox! Do you have any other questions for me?,,,,,,,
Recruiting_Application_Continue,Great! What's your first and last name?,,,,,,,Introduction
Recruiting_Application_Continue,That's great! Can you please provide your mobile phone number?,,,,,,,Phone Number
Recruiting_Application_Continue,Wonderful. Can you please provide your email address?,,,,,,,Email
Recruiting_Application_CoverLetter,That's a great question! A cover letter is not required at this time.,,,,,,,
Recruiting_Application_Followup,"I'm sorry, I don't have an exact time for you. A #company-rep will reach out to you within two business days.",,,,,,,
Recruiting_Application_Issues,I'm sorry you're having trouble. Someone will reach out to you soon to provide assistance.,,,,,,,
Recruiting_Application_Login,No login is required! :) Consider this conversation your expression of interest for Paradox!,,,,,,,
Recruiting_Application_LoginIssues,"No login is required! :) If you are experiencing issues, someone will reach out to you soon to provide assistance.",,,,,,,
Recruiting_Application_MiddleInitial,"There's no need for formalities right now. If needed, we'll ask for that later in the hiring process.",,,,,,,
Recruiting_Application_Modify,Thanks for the heads up! I will let a #company-rep know.,,,,,,,
Recruiting_Application_Preference,A #company-rep will be in touch to review the details of the position.,,,,,,,
Recruiting_Application_Reapply,Welcome back! Can you please provide your name and contact information? A #company-rep will reach back out to you soon.,,,,,,,
Recruiting_Application_References,Great question! References are not required at this time.,,,,,,,
Recruiting_Application_Resume,That's a great question! A resume is not required at this time.,,,,,,,
Recruiting_Application_Save,I'll be here to help whenever you're ready!,,,,,,,
Recruiting_Application_Scam,We do not condone fraudulent recruiting activities. We work hard at creating a trustworthy and authentic experience for you.,,,,,,,
Recruiting_Application_SSN,"There's no need for formalities right now. If needed, we'll ask for that later in the hiring process.",,,,,,,
Recruiting_Application_Timing,Consider this your expression of interest for Paradox! Do you have any other questions for me?,,,,,,,
Recruiting_Application_Timing,The application should only take a few minutes. I'd love to get to know you better. May I please have your first and last name?,,,,,,,Introduction
Recruiting_Application_Timing,The application should only take a few minutes. Can you please provide your mobile phone number so a #company-rep can contact you?,,,,,,,Phone Number
Recruiting_Application_Timing,The application should only take a few minutes. Can you please provide your email address so a #company-rep can contact you?,,,,,,,Email
Recruiting_CheckStatus,Thank you for checking in! I'll send a note to a #company-rep who will be in touch with you soon.,,,,,,,
Recruiting_CheckStatus_Archived,Thank you for checking in! I'll send a note to a #company-rep who will be in touch with you soon.,,,,,,,
Recruiting_CheckStatus_Inactive,Thank you for checking in! I'll send a note to a #company-rep who will be in touch with you soon.,,,,,,,
Recruiting_CheckStatus_Rejected,Thank you for checking in! I'll send a note to a #company-rep who will be in touch with you soon.,,,,,,,
Recruiting_CheckStatus_UnderConsideration,Thank you for checking in! I'll send a note to a #company-rep who will be in touch with you soon.,,,,,,,
Recruiting_CheckStatus_UnderReview,Thank you for checking in! I'll send a note to a #company-rep who will be in touch with you soon.,,,,,,,
Recruiting_CheckStatus_Withdrew,Thank you for checking in! I'll send a note to a #company-rep who will be in touch with you soon.,,,,,,,
Recruiting_Contact,"I'm here to answer your questions. You can also reach our recruiter, Lauren, at 602.914.7647 or laurenk@paradox.ai.",,,,,,,
Recruiting_Contact_Method,"Depending upon the contact information you shared with me earlier, we will reach out to you via text message or email.",,,,,,,
Recruiting_Contact_Method,"I'd be happy to grab your contact information. But first, can you please provide your first and last name?",,,,,,,Introduction
Recruiting_Contact_Method,May I please have your mobile phone number so we can contact you via text message?,,,,,,,Phone Number
Recruiting_Contact_Method,May I please have your email address so we can contact you via email?,,,,,,,Email
Recruiting_Contact_NoAnswer,I'm sorry you're having trouble. Someone will reach out to you soon to provide assistance.,,,,,,,
Recruiting_Contact_Previous,Cool! I will let them know you reached out.,,,,,,,
Recruiting_Contact_Recruiter,"I'm here to answer your questions. You can also reach our recruiter, Lauren, at 602.914.7647 or laurenk@paradox.ai.",,,,,,,
Recruiting_Contact_Waiting,Thank you for letting me know. A #company-rep will reach out to you soon.,,,,,,,
Recruiting_HiringProcess,"Chatting with me is a good start! :) If you're a fit for a position, a #company-rep will reach out with next steps.",,,,,,,
Recruiting_HiringProcess_Advice,We're open to talking to anyone who has a passion for what we do!,,,,,,,
Recruiting_HiringProcess_BackgroundCheck,"If you move forward in the hiring process, a background check will be required upon offer.",,,,,,,
Recruiting_HiringProcess_Citizenship,New employees must provide documentation to show their authorization to work in the United States.,,,,,,,
Recruiting_HiringProcess_Documentation,"If you move forward in the hiring process, a #company-rep will let you know what documentation is needed.",,,,,,,
Recruiting_HiringProcess_DrugScreen,A drug screen is not typically part of our hiring process.,,,,,,,
Recruiting_HiringProcess_Expectations,"Chatting with me is a good start! :) If you're a fit for a position, a #company-rep will reach out with next steps.",,,,,,,
Recruiting_HiringProcess_NextSteps,"Chatting with me is a good start! :) If you're a fit for a position, a #company-rep will reach out with next steps.",,,,,,,
Recruiting_HiringProcess_Speed,"Chatting with me is the first step. The remaining steps in our process can vary. If you're a fit for a position, a #company-rep will reach out with next steps.",,,,,,,
Recruiting_HiringProcess_StartDate,"I'm sorry, I don't have an exact time for you. If you move forward in the hiring process, you can discuss a start date with our recruiter.",,,,,,,
Recruiting_Inclusion,"Paradox provides equal employment opportunities (EEO) to all employees and applicants for employment without regard to race, color, religion, national origin, age, sex, sexual orientation, gender identity, veteran status, disability or genetics.",,,,,,,
Recruiting_Inclusion_Accommodations,"If you require special accommodations, please let us know and we will work with your needs.",,,,,,,
Recruiting_Inclusion_BabyBoomer,Paradox provides equal employment opportunities (EEO) to all employees and applicants for employment without regard to age.,,,,,,,
Recruiting_Inclusion_Disability,Paradox provides equal employment opportunities (EEO) to all employees and applicants for employment without regard to disability or genetics.,,,,,,,
Recruiting_Inclusion_EEO,"Paradox provides equal employment opportunities (EEO) to all employees and applicants for employment without regard to race, color, religion, national origin, age, sex, sexual orientation, gender identity, veteran status, disability or genetics.",,,,,,,
Recruiting_Inclusion_Female,Paradox provides equal employment opportunities (EEO) to all employees and applicants for employment without regard to sex or gender identity.,,,,,,,
Recruiting_Inclusion_Generational,Paradox provides equal employment opportunities (EEO) to all employees and applicants for employment without regard to age.,,,,,,,
Recruiting_Inclusion_GenerationX,Paradox provides equal employment opportunities (EEO) to all employees and applicants for employment without regard to age.,,,,,,,
Recruiting_Inclusion_GenerationY,Paradox provides equal employment opportunities (EEO) to all employees and applicants for employment without regard to age.,,,,,,,
Recruiting_Inclusion_LGBTQ,Paradox provides equal employment opportunities (EEO) to all employees and applicants for employment without regard to sexual orientation or gender identity.,,,,,,,
Recruiting_Inclusion_Military,Paradox provides equal employment opportunities (EEO) to all employees and applicants for employment without regard to military status.,,,,,,,
Recruiting_Inclusion_Millennials,Paradox provides equal employment opportunities (EEO) to all employees and applicants for employment without regard to age.,,,,,,,
Recruiting_Inclusion_Minority,"Paradox provides equal employment opportunities (EEO) to all employees and applicants for employment without regard to race, color, or national origin.",,,,,,,
Recruiting_Inclusion_Religion,Paradox provides equal employment opportunities (EEO) to all employees and applicants for employment without regard to religion.,,,,,,,
Recruiting_Inclusion_Veterans,Paradox provides equal employment opportunities (EEO) to all employees and applicants for employment without regard to veteran status.,,,,,,,
Recruiting_Interview,Our interview process begins with a phone or in-person interview. We're small so the process will depend upon role.,,,,,,,
Recruiting_Interview_Details,"Thank you for reaching out! I encourage you to review your interview confirmation. You can also reach our recruiter, Lauren, at 602.914.7647 or laurenk@paradox.ai.",,,,,,,
Recruiting_Interview_Dress,"That's a great question! While Paradox's attire is business casual, it's a best practice to dress professional in a formal interview. Impress us!",,,,,,,
Recruiting_Interview_Followup,"I'm sorry, I don't have an exact time for you. A #company-rep will reach out soon to discuss next steps.",,,,,,,
Recruiting_Interview_Group,Great question! Our interview process does not include group interviews.,,,,,,,
Recruiting_Interview_Interviewer,"Thank you for reaching out! Please feel free to reach out to our recruiter, Lauren, at 602.914.7647 or laurenk@paradox.ai for more information.",,,,,,,
Recruiting_Interview_Issues,"I'm sorry you're having issues with scheduling. I encourage you to select one of the times listed. If you need further assistance, please contact our recruiter at 602.914.7647 or laurenk@paradox.ai.",,,,,,,
Recruiting_Interview_Location,"I encourage you to review your interview confirmation. You can also contact our recruiter, Lauren, at 602.914.7647 or laurenk@paradox.ai for more information.",,,,,,,
Recruiting_Interview_Open,Chatting with me is a good start! A recruiter will reach out to you to discuss next steps.,,,,,,,
Recruiting_Interview_Position,"Thank you for checking in! Please feel free to reach out to our recruiter, Lauren, at 602.914.7647 or laurenk@paradox.ai for more information.",,,,,,,
Recruiting_Interview_Preparation,That's a great question! I would recommend doing your research ahead of time. Make sure to come prepared and remember to be yourself!,,,,,,,
Recruiting_ReferralProgram,"We are always looking for the best talent for our team! If a current employee knows someone who would be a great addition to our team, we will gladly accept a referral.",,,,,,,
Recruiting_ReferralProgram_Status,Thank you for asking about your referral's status. Please reach out to a #company-rep for more information.,,,,,,,
Recruiting_RequestHuman,Okay. I'll notify a #company-rep who will be in touch with you soon.,,,,,,,
Recruiting_Requirements,"The requirements for each position will vary. However, if you're hardworking and enthusiastic about what we're working on, we'd love to hear from you!",,,,,,,
Recruiting_Requirements_Age,"The requirements for each position will vary. However, if you're hardworking and enthusiastic about what we're working on, we'd love to hear from you!",,,,,,,
Recruiting_Requirements_Education,"The requirements for each position will vary. However, if you're hardworking and enthusiastic about what we're working on, we'd love to hear from you!",,,,,,,
Recruiting_Requirements_Experience,"The requirements for each position will vary. However, if you're hardworking and enthusiastic about what we're working on, we'd love to hear from you!",,,,,,,
Recruiting_Requirements_Language,"The requirements for each position will vary. However, if you're hardworking and enthusiastic about what we're working on, we'd love to hear from you!",,,,,,,
Recruiting_Requirements_Licensure,"The requirements for each position will vary. However, if you're hardworking and enthusiastic about what we're working on, we'd love to hear from you!",,,,,,,
Recruiting_Requirements_Physical,"The requirements for each position will vary. However, if you're hardworking and enthusiastic about what we're working on, we'd love to hear from you!",,,,,,,
Recruiting_Requirements_Unqualified,Thank you for asking about whether you qualify for a role. I don't have an answer for this right now. Is there something else I can help you with?,,,,,,,
Recruiting_Unhappy,I’m sorry I wasn't able to help. I'll notify a #company-rep who will be in touch soon.,,,,,,,
Recruiting_Update,Thank you for asking about our Recruiting Update!,,,,,,,
Team,We are a small team of dreamers and doers working to build meaningful software that enables the employment connections that change lives.,,,,,,,
Team_AverageAge,Some of us are experienced professionals. Some of us just walked out of college. All of us are driven to succeed. And the vision that brings us together each and every day is a world where people love what they do.,,,,,,,
Team_AverageTenure,"Our team is full of employees who have been with the company for many years, however, we are always looking for the best talent to join our team.",,,,,,,
Team_BoardofDirectors,Paradox is backed and funded by Recruiting Ventures. We do not have a board of directors at this time.,,,,,,,
Team_Count,We are a small team of dreamers and doers working to build meaningful software that enables the employment connections that change lives.,,,,,,,
Team_CurrentEmployee,That's great to hear! I hope you enjoy working here as much as I do. :),,,,,,,
Team_CurrentEmployee_Portal,Thank you for asking about our employee portal. I don't have an answer for this right now. Is there something else I can help you with?,,,,,,,
Team_Executives,"Our leadership team includes Aaron Matos and Marc Chesley. Learn more about our leadership here: https://paradox.ai/leadership
<br>
The team is growing quickly though, so our company's leadership is expanding too!",,,,,,,
Team_Executives_CEO,"Aaron Matos is the Founder and Chief Executive Officer of Paradox. He is a recognized expert on recruiting, employment branding and recruitment software & technology, and has spoken at dozens of national & local human resources conferences.",,,,,,,
Team_Executives_CFO,"We don't have a CFO right now, but don't worry, our CEO and COO have it covered! :)",,,,,,,
Team_Executives_CMO,We don't have a CMO right now. Our CEO wears the CMO hat!,,,,,,,
Team_Executives_COO,Marc Chesley became COO of Paradox in August 2017. He leads engineering and product execution—helping our vision become a reality.,,,,,,,
Team_Executives_CPO,We don't have a CPO right now. Our CEO wears the CPO hat!,,,,,,,
Team_Executives_CTO,Marc Chesley became COO of Paradox in August 2017. He takes on many CTO responsibilities by leading engineering and product execution—helping our vision become a reality.,,,,,,,
Team_OrganizationChart,"At Paradox, we aren’t big on titles, but they can help to frame tasks for a job. Sure, we have specific roles to fill, but we’re also good at finding a place for people that can make a difference. In a start-up, the only goal is building world-class products and an amazing organization focused on serving our clients.",,,,,,,
Team_PreviousEmployee,It's nice to hear from you again. Do you have any questions I can answer?,,,,,,,
Team_ProspectiveCandidates,We are a small team of dreamers and doers working to build meaningful software that enables the employment connections that change lives. We are looking for passionate individuals who share our vision and the commitment to see it through. Join us.,,,,,,,
Paradox_Brand_RecruitingAi,"Recruiting.Ai is now Paradox! We were inspired by the paradoxical concept that AI can actually make experiences more human. Recruiting is a people game, and AI can help us play that game better. Our dream is an improved candidate and recruiter experience for everyone.",,,,,,,
Paradox_CandidateExperience,I provide candidates with a unique human-like experience. I'm available 24/7 to engage your candidates and help guide them through the recruiting process.,,,,,,,
Paradox_CandidateExperience_App,"I can engage your candidates through the web, text messaging (SMS), and social channels. You can learn more about my capabilities here: https://paradox.ai/about-olivia",,,,,,,
Paradox_Clients,"We work with different types of clients in various industries, ranging from small businesses to large enterprises. Find out more about our clients here: https://paradox.ai/clients",,,,,,,
Paradox_Clients_AdAgencies,"We’re here to help you shine with innovative technology tools that provide real results. If your clients are curious about AI or assistant technology, or just need to improve processes—give us a shout and get to know more about how we can help your agency. Learn more: https://www.paradox.ai/partners",,,,,,,
Paradox_Clients_Enterprise,Our platform is built to serve enterprise clients in various industries. Learn more about our clients here: https://paradox.ai/clients,,,,,,,
Paradox_Clients_Government,"Our platform is built to serve various industries, including clients in the public sector. Learn about our clients here: https://paradox.ai/clients",,,,,,,
Paradox_Clients_Hospitality,"We work with different types of clients, including clients in the hospitality industry. Learn more about our clients here: https://paradox.ai/clients",,,,,,,
Paradox_Clients_Reference,"I'll share your interest in speaking to our clients with a team member. In the meantime, free feel to read a testimonial here: https://paradox.ai/#section-2",,,,,,,
Paradox_Clients_RPOs,"Our RPO solutions accomplish real tangible outcomes for our RPO clients; including enhancing candidate engagement, improving recruiter efficiencies, delivering candidate response, and lowering time-to-fill. Learn more: https://www.paradox.ai/partners",,,,,,,
Paradox_Clients_SmallBusiness,"We work with clients of all sizes in various industries, ranging from small businesses to large enterprises. Find out  more about our clients here: https://paradox.ai/clients",,,,,,,
Paradox_Competitors,"There's always something to improve, something to adapt, something more we can do to address our clients' needs. We don't want to follow our competitors, we strive to lead the HR technology industry.",,,,,,,
Paradox_Cookies_Baker,Yes! My real-life inspiration enjoys baking in her free time. I hope you enjoyed the cookies! You can find my recipe here: https://www.facebook.com/notes/paradox-olivia/olivias-homemade-gluten-free-chocolate-chip-cookies/130954320887176/,,,,,,,
Paradox_Cookies_GlutenFree,Yes! Weren't they delicious? You can find my recipe here: https://www.facebook.com/notes/paradox-olivia/olivias-homemade-gluten-free-chocolate-chip-cookies/130954320887176/,,,,,,,
Paradox_Cookies_Recipe,I'm happy to hear you enjoyed the cookies! I would love to share my recipe. You can find it here: https://www.facebook.com/notes/paradox-olivia/olivias-homemade-gluten-free-chocolate-chip-cookies/130954320887176/,,,,,,,
Paradox_Events_CandE,I'm proud to announce that Paradox is one of the global underwriters of the Talent Board for 2018. All of us at Paradox share your mission of improving the candidate experience. Congratulations to all of the 2017 Candidate Experience Awards winners!,,,,,,,
Paradox_Events_ERE,We hope you enjoyed the conference just as much as us! Visit our website to learn more about how I can work for you. #company-url,,,,,,,
Paradox_Events_HRTech,We hope you enjoyed the conference just as much as us! Visit our website to learn more about how I can work for you. #company-url,,,,,,,
Paradox_GetStarted,I love your enthusiasm! I'll notify a #company-rep to reach out to you soon.,,,,,,,
Paradox_Information_Contact,Thank you so much for your interest! A member of the Paradox team will reach out to you by text soon.,,,,,,,
Paradox_Information_Demo,I'm flattered that you would like to see a demo of how I can help you! I'll notify a member of the Paradox team who will reach out to you soon.,,,,,,,
Paradox_Information_International,"I support communicating with candidates through the web, so I can easily help you capture and engage them worldwide! I can also support many languages based on your needs.",,,,,,,
Paradox_Information_LinkedInProfile,Thank you for sharing your LinkedIn profile! Are there any questions about Paradox I can answer for you?,,,,,,,
Paradox_Information_Pricing,Our pricing varies depending on your unique needs. We're happy to work with your organization to create a custom solution and find out how I can best serve you.,,,,,,,
Paradox_Information_ROI,"Each client’s return on investment varies, but overall we save them time and money by increasing candidate capture and improving the candidate experience!",,,,,,,
Paradox_Information_ValueProposition,"I save organizations time and money by increasing candidate capture, improving the candidate experience and helping with mobile recruiting!",,,,,,,
Paradox_Integration,Our candidate and recruiter engagement tools have been built to integrate with many software applications. Learn more: https://paradox.ai/developers,,,,,,,
Paradox_Integration_API,"Our Paradox API opens up a world of possibilities on how you can integrate me as your assistant, integrate AI recruitment & HR conversations, and other automation services throughout your software application. Learn more: https://paradox.ai/developers",,,,,,,
Paradox_Integration_ATS,Our candidate and recruiter engagement tools have been built to integrate with ATS providers. Our channel technology team is happy to work with your organization to optimize our products for your technology. Learn more: https://www.paradox.ai/partners,,,,,,,
Paradox_Partnerships,We take pride in our world-class partnerships. Learn more about the different partnerships we offer here: https://paradox.ai/partners,,,,,,,
Paradox_Partnerships_Contact,,,,,,,,
Paradox_Partnerships_Smashfly,,,,,,,,
Paradox_Product,,,,,,,,
Paradox_Product_Ask,,,,,,,,
Paradox_Product_Assessments,,,,,,,,
Paradox_Product_Calendar,,,,,,,,
Paradox_Product_Customization,,,,,,,,
Paradox_Product_EmployeeSurveys,,,,,,,,
Paradox_Product_Engagement,,,,,,,,
Paradox_Product_ERP,,,,,,,,
Paradox_Product_Hire,,,,,,,,
Paradox_Product_ImplementationTime,,,,,,,,
Paradox_Product_Onboarding,,,,,,,,
Paradox_Product_Outbound,,,,,,,,
Paradox_Product_Results,,,,,,,,
Paradox_Product_Scale,,,,,,,,
PARADOX_Product_Scheduling,,,,,,,,
Paradox_Product_Screen,,,,,,,,
Paradox_Product_SelfLearning,,,,,,,,
Paradox_Product_Sourcing,,,,,,,,
Paradox_Product_Trial,,,,,,,,
Paradox_RecruiterExperience,,,,,,,,
Paradox_RecruiterExperience_App,,,,,,,,
Paradox_RecruitingNeeds,,,,,,,,
Paradox_Team_AaronMatos,,,,,,,,
Paradox_Team_BenBromberg,I'm happy to help! Feel free to give Ben a call at 602-505-7057 or send him an email at ben@paradox.ai.,,,,,,,
Paradox_Team_KatDrum,I'm happy to help! Feel free to give Kat a call at 602-446-1146 or send her an email at kat@paradox.ai.,,,,,,,
Paradox_Team_Location,"Most of our employees work in our Scottsdale, AZ office during the week as we're building a team and require a lot of collaboration. Various roles may have some flexibility as approved by the CEO.",,,,,,,
Paradox_Technology,Paradox makes use of many different technologies to provide candidates with unique human-like experiences.,,,,,,,
Paradox_Technology_Facebook,"Our candidate and recruiter engagement tools have been built to integrate 
with Facebook Messenger and other software applications. ",,,,,,,
Paradox_Technology_ML,"Paradox makes use of artificial intelligence, including machine learning, to provide candidates with unique human-like experiences.",,,,,,,
Paradox_Technology_NLP,"Paradox makes use of artificial intelligence, including natural language processing, to provide candidates with unique human-like experiences.",,,,,,,
Paradox_Technology_Python,Our candidate and recruiter engagement tools are built with many pieces of technology and languages. Python is one that we often make use of.,,,,,,,
Paradox_Technology_Stack,Paradox makes use of many different technologies to provide candidates with unique human-like experiences.,,,,,,,
